;IEEE_14_discreta;IEEE_14_continua
0;1.0254595371;1.0254595371
1;0.99505426307;0.99505426307
2;1.05;1.05
3;1.0124804703;1.0124804705
4;1.0374999999999996;1.0344706253
5;0.9;0.90000049758
6;0.9687499999999998;0.97048199895
7;0.38999975322;0.38999975322
