;IEEE_30_discreta;IEEE_30_continua
0;1.033726489;1.033726489
1;1.0011554551;1.0011554551
2;1.0070288248;1.0070288248
3;1.0599999104;1.0599999106
4;1.06;1.06
5;1.0687499999999994;1.0689392909
6;0.9374999999999999;0.93703559413
7;0.9499999999999998;0.95308155791
8;0.9374999999999999;0.93874256693
9;0.39;0.38999938683
10;0.09;0.09
